timestamp,temperature,humidity,zone
2025-11-02 00:00:00,19.135183019980474,76.2933351935885,Zone_C_Park
2025-11-02 00:15:00,18.927267498065987,75.21760342943756,Zone_C_Park
2025-11-02 00:30:00,16.509195861640013,74.98141650520995,Zone_C_Park
2025-11-02 00:45:00,17.710738167875775,75.81993200322705,Zone_C_Park
2025-11-02 01:00:00,18.077335763402278,77.05929105937966,Zone_C_Park
2025-11-02 01:15:00,18.01053430541698,82.31546674123551,Zone_C_Park
2025-11-02 01:30:00,18.805271819807654,77.27420696525023,Zone_C_Park
2025-11-02 01:45:00,20.559559206616022,78.58424208205373,Zone_C_Park
2025-11-02 02:00:00,20.15854847637149,78.91865422663663,Zone_C_Park
2025-11-02 02:15:00,16.705792760642712,78.25542097672086,Zone_C_Park
2025-11-02 02:30:00,19.759691624294135,77.70118510359646,Zone_C_Park
2025-11-02 02:45:00,20.986040749387204,75.31603577972582,Zone_C_Park
2025-11-02 03:00:00,19.751785656287613,80.44743950882999,Zone_C_Park
2025-11-02 03:15:00,20.99908737737867,80.98803822163602,Zone_C_Park
2025-11-02 03:30:00,22.583359952516265,73.82622375618602,Zone_C_Park
2025-11-02 03:45:00,21.313283387082063,74.95199565709781,Zone_C_Park
2025-11-02 04:00:00,20.373962893462593,76.24037931524599,Zone_C_Park
2025-11-02 04:15:00,21.798477950251126,74.66316369496802,Zone_C_Park
2025-11-02 04:30:00,20.686598020184977,77.38959146342606,Zone_C_Park
2025-11-02 04:45:00,20.75009670371479,74.70063767027816,Zone_C_Park
2025-11-02 05:00:00,20.437602466019317,80.26186069798229,Zone_C_Park
2025-11-02 05:15:00,23.56475875018365,78.08342234794526,Zone_C_Park
2025-11-02 05:30:00,20.250252232206794,75.89504235325661,Zone_C_Park
2025-11-02 05:45:00,24.0369390700966,77.28942379186799,Zone_C_Park
2025-11-02 06:00:00,22.749796185610556,77.21180084871462,Zone_C_Park
2025-11-02 06:15:00,20.16265325471766,73.636653758655,Zone_C_Park
2025-11-02 06:30:00,23.073578708367336,72.89767121892388,Zone_C_Park
2025-11-02 06:45:00,19.630321526587075,74.45396096668122,Zone_C_Park
2025-11-02 07:00:00,23.973538205656638,75.7915236866268,Zone_C_Park
2025-11-02 07:15:00,24.613605085696133,74.12093872221546,Zone_C_Park
2025-11-02 07:30:00,22.64219979598228,70.46834667910368,Zone_C_Park
2025-11-02 07:45:00,23.95447630480938,71.80211182730991,Zone_C_Park
2025-11-02 08:00:00,26.93123615062543,73.05205427281125,Zone_C_Park
2025-11-02 08:15:00,23.463660875685505,72.84861595247777,Zone_C_Park
2025-11-02 08:30:00,22.846684335449982,76.75354320914822,Zone_C_Park
2025-11-02 08:45:00,26.859878364094175,69.85437918084176,Zone_C_Park
2025-11-02 09:00:00,27.772307910542384,73.46559407140019,Zone_C_Park
2025-11-02 09:15:00,25.012902737687682,75.27160290973227,Zone_C_Park
2025-11-02 09:30:00,26.690607914277475,76.68682746579714,Zone_C_Park
2025-11-02 09:45:00,27.3380923225065,71.19791454934293,Zone_C_Park
2025-11-02 10:00:00,24.35037526633018,72.86516745181642,Zone_C_Park
2025-11-02 10:15:00,24.859532213078953,72.91077884487962,Zone_C_Park
2025-11-02 10:30:00,27.54182989977725,72.06499714606595,Zone_C_Park
2025-11-02 10:45:00,28.315241936043186,71.393361131339,Zone_C_Park
2025-11-02 11:00:00,26.708024595417807,72.39461780435944,Zone_C_Park
2025-11-02 11:15:00,24.60341959135984,66.40468082010901,Zone_C_Park
2025-11-02 11:30:00,28.946371113044403,72.79493747917954,Zone_C_Park
2025-11-02 11:45:00,25.19497934623647,71.66006368366496,Zone_C_Park
2025-11-02 12:00:00,25.497293328242822,70.95505020644347,Zone_C_Park
2025-11-02 12:15:00,26.504942444688847,75.50143226778013,Zone_C_Park
2025-11-02 12:30:00,28.2970200765674,70.08093046147317,Zone_C_Park
2025-11-02 12:45:00,27.204105086441256,70.66302101241831,Zone_C_Park
2025-11-02 13:00:00,26.48600155569914,75.50577362976883,Zone_C_Park
2025-11-02 13:15:00,26.48265331315758,69.9269289241179,Zone_C_Park
2025-11-02 13:30:00,25.760790133010346,70.57380311708629,Zone_C_Park
2025-11-02 13:45:00,26.424700237908514,71.47720728362063,Zone_C_Park
2025-11-02 14:00:00,21.669761498596298,73.56377751063512,Zone_C_Park
2025-11-02 14:15:00,24.88096726060548,72.42231441041747,Zone_C_Park
2025-11-02 14:30:00,25.53539626354011,69.55867728064703,Zone_C_Park
2025-11-02 14:45:00,23.280838104486648,71.22903956682131,Zone_C_Park
2025-11-02 15:00:00,25.40791210146353,71.23970672130402,Zone_C_Park
2025-11-02 15:15:00,24.330676428921095,72.47191297519366,Zone_C_Park
2025-11-02 15:30:00,27.06825926350812,73.66014617282826,Zone_C_Park
2025-11-02 15:45:00,26.581810519900692,73.83635867290538,Zone_C_Park
2025-11-02 16:00:00,23.301291646322756,69.6479764919032,Zone_C_Park
2025-11-02 16:15:00,23.542898193525964,75.5356426903333,Zone_C_Park
2025-11-02 16:30:00,23.41981238104777,74.12747733547891,Zone_C_Park
2025-11-02 16:45:00,22.608268646973215,76.61188202009643,Zone_C_Park
2025-11-02 17:00:00,23.327813656452275,74.95664809221226,Zone_C_Park
2025-11-02 17:15:00,21.642938184733126,76.50032075621345,Zone_C_Park
2025-11-02 17:30:00,20.82618176647392,75.46319633090806,Zone_C_Park
2025-11-02 17:45:00,23.195679352770973,77.45700024717698,Zone_C_Park
2025-11-02 18:00:00,22.944294376332717,76.04450127203556,Zone_C_Park
2025-11-02 18:15:00,20.53191384358944,75.03962077234272,Zone_C_Park
2025-11-02 18:30:00,22.82092837726369,80.01476373288595,Zone_C_Park
2025-11-02 18:45:00,20.27227211818749,77.48039940381786,Zone_C_Park
2025-11-02 19:00:00,21.34447167664689,77.0792374043779,Zone_C_Park
2025-11-02 19:15:00,21.94475815770604,73.60457324201471,Zone_C_Park
2025-11-02 19:30:00,20.41884742348407,73.80104512158725,Zone_C_Park
2025-11-02 19:45:00,20.912956607335694,77.17767024907211,Zone_C_Park
2025-11-02 20:00:00,19.225355534168642,77.09104239553648,Zone_C_Park
2025-11-02 20:15:00,19.483019192779444,75.77180770885394,Zone_C_Park
2025-11-02 20:30:00,19.256165137644608,77.47350654365552,Zone_C_Park
2025-11-02 20:45:00,18.242749219789363,80.55089879044743,Zone_C_Park
2025-11-02 21:00:00,18.906411630580138,78.93638936137216,Zone_C_Park
2025-11-02 21:15:00,16.66971332178847,75.42460628741884,Zone_C_Park
2025-11-02 21:30:00,18.089856018121903,77.63305437076257,Zone_C_Park
2025-11-02 21:45:00,18.246808310735315,76.38335764258403,Zone_C_Park
2025-11-02 22:00:00,18.151628756119177,77.34229162080685,Zone_C_Park
2025-11-02 22:15:00,18.05026286506308,77.40151053825839,Zone_C_Park
2025-11-02 22:30:00,18.21183557016466,77.37067515183263,Zone_C_Park
2025-11-02 22:45:00,18.931441759148676,75.89867772223559,Zone_C_Park
2025-11-02 23:00:00,19.44807230604251,78.22202361160427,Zone_C_Park
2025-11-02 23:15:00,17.102211038114678,77.40961173575701,Zone_C_Park
2025-11-02 23:30:00,16.229419271421044,72.71030412094119,Zone_C_Park
2025-11-02 23:45:00,16.44549768868093,82.6982361726623,Zone_C_Park
2025-11-03 00:00:00,17.269195618207608,80.77753930843333,Zone_C_Park
2025-11-03 00:15:00,17.48068233032082,77.83969067380899,Zone_C_Park
2025-11-03 00:30:00,16.879226455208574,78.60683960042692,Zone_C_Park
2025-11-03 00:45:00,16.132683882012238,76.1875183148165,Zone_C_Park
2025-11-03 01:00:00,17.452115453632445,81.86877873026238,Zone_C_Park
2025-11-03 01:15:00,18.484419412190537,82.2035258557286,Zone_C_Park
2025-11-03 01:30:00,19.197026068708197,78.63935377353368,Zone_C_Park
2025-11-03 01:45:00,17.576374454206764,80.27580315788836,Zone_C_Park
2025-11-03 02:00:00,17.916401651647096,78.46826501149182,Zone_C_Park
2025-11-03 02:15:00,17.284074087518853,75.3198397265373,Zone_C_Park
2025-11-03 02:30:00,18.779427883272895,77.03242528712113,Zone_C_Park
2025-11-03 02:45:00,17.719997818797868,77.97047924046822,Zone_C_Park
2025-11-03 03:00:00,20.03126459511561,76.63648897478468,Zone_C_Park
2025-11-03 03:15:00,16.683817001698557,76.93633837949017,Zone_C_Park
2025-11-03 03:30:00,19.025509775286423,77.00874202941317,Zone_C_Park
2025-11-03 03:45:00,20.229380076709205,76.83829584313965,Zone_C_Park
2025-11-03 04:00:00,20.275751774483755,76.90451698099497,Zone_C_Park
2025-11-03 04:15:00,24.270395735094738,74.4710291519952,Zone_C_Park
2025-11-03 04:30:00,20.993966307391503,74.94362805825845,Zone_C_Park
2025-11-03 04:45:00,19.20816024352434,73.58801354369145,Zone_C_Park
2025-11-03 05:00:00,20.821527448956306,77.88737966174148,Zone_C_Park
2025-11-03 05:15:00,18.555269211735812,71.49103127557741,Zone_C_Park
2025-11-03 05:30:00,21.356995607174653,77.77707497862605,Zone_C_Park
2025-11-03 05:45:00,20.48880339757829,78.0081500597542,Zone_C_Park
2025-11-03 06:00:00,23.37308541334024,74.39563882603476,Zone_C_Park
2025-11-03 06:15:00,21.437302105027268,69.55827455911688,Zone_C_Park
2025-11-03 06:30:00,22.346955895187335,73.80748458407322,Zone_C_Park
2025-11-03 06:45:00,21.827024525957906,74.16930651816429,Zone_C_Park
2025-11-03 07:00:00,25.64355320819008,72.04705499777309,Zone_C_Park
2025-11-03 07:15:00,22.803893712035777,72.81238113729214,Zone_C_Park
2025-11-03 07:30:00,26.27956929467916,76.68273004121238,Zone_C_Park
2025-11-03 07:45:00,24.990382404053406,74.73761503981508,Zone_C_Park
2025-11-03 08:00:00,24.72310009100308,71.3508717712438,Zone_C_Park
2025-11-03 08:15:00,24.77538065305469,69.80474882193856,Zone_C_Park
2025-11-03 08:30:00,25.02574166335926,72.15442422034906,Zone_C_Park
2025-11-03 08:45:00,21.74587439138186,72.19944150693888,Zone_C_Park
2025-11-03 09:00:00,24.410102033520058,73.44681396245507,Zone_C_Park
2025-11-03 09:15:00,26.27509618669239,71.22274326794037,Zone_C_Park
2025-11-03 09:30:00,25.10006758595378,73.16692712567527,Zone_C_Park
2025-11-03 09:45:00,23.218093679004816,75.8770174758313,Zone_C_Park
2025-11-03 10:00:00,25.38549493927155,73.51331059126454,Zone_C_Park
2025-11-03 10:15:00,28.14364924051399,71.67508111582077,Zone_C_Park
2025-11-03 10:30:00,27.56585570334723,71.30773274085277,Zone_C_Park
2025-11-03 10:45:00,25.694714503931372,70.87770526545788,Zone_C_Park
2025-11-03 11:00:00,27.290877220743404,73.88394885026365,Zone_C_Park
2025-11-03 11:15:00,25.373380591060844,70.21454609864577,Zone_C_Park
2025-11-03 11:30:00,23.40997206525516,71.52124391705424,Zone_C_Park
2025-11-03 11:45:00,24.604736710760083,71.51010368010319,Zone_C_Park
2025-11-03 12:00:00,28.344333152762296,70.39643161437694,Zone_C_Park
2025-11-03 12:15:00,25.58044607021046,68.66277678057281,Zone_C_Park
2025-11-03 12:30:00,25.600703476432713,72.0767475062896,Zone_C_Park
2025-11-03 12:45:00,25.4733838272006,71.3471650468376,Zone_C_Park
2025-11-03 13:00:00,28.719908189515785,72.52314796423249,Zone_C_Park
2025-11-03 13:15:00,28.226658891023515,70.52385092093928,Zone_C_Park
2025-11-03 13:30:00,29.02368848021735,74.11567628058546,Zone_C_Park
2025-11-03 13:45:00,25.348923150530677,70.01771056805863,Zone_C_Park
2025-11-03 14:00:00,25.907538348258395,75.30638911441181,Zone_C_Park
2025-11-03 14:15:00,23.050914625078992,68.51143637605432,Zone_C_Park
2025-11-03 14:30:00,27.38881500034235,73.01346810406534,Zone_C_Park
2025-11-03 14:45:00,23.25568990301401,73.24423805812893,Zone_C_Park
2025-11-03 15:00:00,25.153590470390135,70.86330145184667,Zone_C_Park
2025-11-03 15:15:00,22.99142946895101,73.47514294136178,Zone_C_Park
2025-11-03 15:30:00,23.55174547592684,75.36749619508892,Zone_C_Park
2025-11-03 15:45:00,22.96638728550386,68.5663094824213,Zone_C_Park
2025-11-03 16:00:00,23.088187108986272,74.20548961498163,Zone_C_Park
2025-11-03 16:15:00,22.960470706152538,68.42121907455144,Zone_C_Park
2025-11-03 16:30:00,22.708330537072744,71.69101003643925,Zone_C_Park
2025-11-03 16:45:00,24.53575872888311,77.10115065471051,Zone_C_Park
2025-11-03 17:00:00,21.377981990816302,72.90468737084682,Zone_C_Park
2025-11-03 17:15:00,23.111173428585314,71.94991491192398,Zone_C_Park
2025-11-03 17:30:00,24.349043497338545,74.13423025003844,Zone_C_Park
2025-11-03 17:45:00,21.49181797015048,78.90036141109859,Zone_C_Park
2025-11-03 18:00:00,20.923121663878597,71.33663550558795,Zone_C_Park
2025-11-03 18:15:00,21.39260054530905,73.13283144194983,Zone_C_Park
2025-11-03 18:30:00,23.247483043660857,78.46475765835145,Zone_C_Park
2025-11-03 18:45:00,21.510800158365523,79.41772984633353,Zone_C_Park
2025-11-03 19:00:00,20.16790237767852,75.72488611378851,Zone_C_Park
2025-11-03 19:15:00,21.440057115569417,73.6790766700381,Zone_C_Park
2025-11-03 19:30:00,18.815828045785008,80.56934736013264,Zone_C_Park
2025-11-03 19:45:00,21.252884504788415,79.7811240682868,Zone_C_Park
2025-11-03 20:00:00,20.61291096155265,78.15789397552446,Zone_C_Park
2025-11-03 20:15:00,19.316006361213265,75.37524814099574,Zone_C_Park
2025-11-03 20:30:00,18.30707558629427,77.09348246275532,Zone_C_Park
2025-11-03 20:45:00,18.032595356174536,77.05292477227059,Zone_C_Park
2025-11-03 21:00:00,19.973798879772676,78.20728702150272,Zone_C_Park
2025-11-03 21:15:00,20.836111523817685,80.60862618318698,Zone_C_Park
2025-11-03 21:30:00,17.870625018291868,79.61490610732325,Zone_C_Park
2025-11-03 21:45:00,19.361701606117048,75.83853845031965,Zone_C_Park
2025-11-03 22:00:00,15.405357856959142,80.87068435366305,Zone_C_Park
2025-11-03 22:15:00,17.53558243788345,78.85500614954398,Zone_C_Park
2025-11-03 22:30:00,18.2578934706485,79.70009790875847,Zone_C_Park
2025-11-03 22:45:00,16.84775435654683,81.34203018473958,Zone_C_Park
2025-11-03 23:00:00,16.73153713265933,76.25417247561354,Zone_C_Park
2025-11-03 23:15:00,17.07518954368375,78.4591758520387,Zone_C_Park
2025-11-03 23:30:00,18.472509646994318,77.50629239822729,Zone_C_Park
2025-11-03 23:45:00,17.72757077943602,75.45657327292807,Zone_C_Park
2025-11-04 00:00:00,14.642653150012542,79.29341995520983,Zone_C_Park
2025-11-04 00:15:00,14.827514078092985,83.61540522682783,Zone_C_Park
2025-11-04 00:30:00,17.123922787718996,74.88904601193421,Zone_C_Park
2025-11-04 00:45:00,18.763388757467407,78.46626578735268,Zone_C_Park
2025-11-04 01:00:00,14.015039430755873,79.7584188447902,Zone_C_Park
2025-11-04 01:15:00,17.462684217792134,78.65510486949475,Zone_C_Park
2025-11-04 01:30:00,17.51511008517872,78.09971021200916,Zone_C_Park
2025-11-04 01:45:00,20.495015701181917,75.63030914262603,Zone_C_Park
2025-11-04 02:00:00,17.958365667292952,78.5832649395043,Zone_C_Park
2025-11-04 02:15:00,19.248605027901213,76.4797626502573,Zone_C_Park
2025-11-04 02:30:00,19.038472348966256,73.47622861509134,Zone_C_Park
2025-11-04 02:45:00,15.79679105037329,80.09580774795178,Zone_C_Park
2025-11-04 03:00:00,20.323883700201414,79.46235605195565,Zone_C_Park
2025-11-04 03:15:00,19.685711497784155,77.4769668880624,Zone_C_Park
2025-11-04 03:30:00,20.327357243477003,77.6496905208428,Zone_C_Park
2025-11-04 03:45:00,25.667075627576082,79.14868886430169,Zone_C_Park
2025-11-04 04:00:00,16.873830590752117,77.24867931355617,Zone_C_Park
2025-11-04 04:15:00,22.817890213765658,78.40027439431104,Zone_C_Park
2025-11-04 04:30:00,20.03809499143911,75.78269595476662,Zone_C_Park
2025-11-04 04:45:00,21.14523549539187,78.78114955223927,Zone_C_Park
2025-11-04 05:00:00,20.896455451638055,76.57332001423445,Zone_C_Park
2025-11-04 05:15:00,20.58328421183842,76.09042904646981,Zone_C_Park
2025-11-04 05:30:00,20.62314583876166,72.92977211456812,Zone_C_Park
2025-11-04 05:45:00,22.232650586438943,75.80936297383194,Zone_C_Park
2025-11-04 06:00:00,19.72423945499248,73.3360901650111,Zone_C_Park
2025-11-04 06:15:00,23.38748126820322,73.48798328171449,Zone_C_Park
2025-11-04 06:30:00,21.897813161552325,72.89935445137557,Zone_C_Park
2025-11-04 06:45:00,21.085257279503974,72.16520497694349,Zone_C_Park
2025-11-04 07:00:00,22.360256893416363,78.31779424366485,Zone_C_Park
2025-11-04 07:15:00,25.171481686506503,76.50549604888542,Zone_C_Park
2025-11-04 07:30:00,22.727731098936022,77.46307464777419,Zone_C_Park
2025-11-04 07:45:00,24.306835188190437,70.96197067610046,Zone_C_Park
2025-11-04 08:00:00,22.90356558642679,73.34250749982179,Zone_C_Park
2025-11-04 08:15:00,25.359163706963837,70.41293191072124,Zone_C_Park
2025-11-04 08:30:00,25.46330732422019,71.41706910117448,Zone_C_Park
2025-11-04 08:45:00,27.410296510344892,70.7901010988066,Zone_C_Park
2025-11-04 09:00:00,24.565081206497368,74.93358360061156,Zone_C_Park
2025-11-04 09:15:00,26.01034143705277,71.50091733687216,Zone_C_Park
2025-11-04 09:30:00,25.320514670473358,74.28068664233959,Zone_C_Park
2025-11-04 09:45:00,27.2696861220047,73.21495117488787,Zone_C_Park
2025-11-04 10:00:00,24.385853033724658,76.4895860505856,Zone_C_Park
2025-11-04 10:15:00,26.704998935446675,68.81236968420288,Zone_C_Park
2025-11-04 10:30:00,25.403472185870125,74.19250016253297,Zone_C_Park
2025-11-04 10:45:00,25.691438252317674,73.88393327461907,Zone_C_Park
2025-11-04 11:00:00,26.001332031828834,69.57590934930529,Zone_C_Park
2025-11-04 11:15:00,26.301501716252936,73.48343966349469,Zone_C_Park
2025-11-04 11:30:00,25.7914358808123,72.10308842510673,Zone_C_Park
2025-11-04 11:45:00,26.313505467710204,70.95275535643421,Zone_C_Park
2025-11-04 12:00:00,28.367177086343276,69.75212902605601,Zone_C_Park
2025-11-04 12:15:00,27.46961022137724,69.96948897344265,Zone_C_Park
2025-11-04 12:30:00,27.269511334240583,75.53042269062612,Zone_C_Park
2025-11-04 12:45:00,25.239831832577117,71.47053862846334,Zone_C_Park
2025-11-04 13:00:00,24.52984206281379,73.08692702842227,Zone_C_Park
2025-11-04 13:15:00,27.22067135533705,70.00925277048252,Zone_C_Park
2025-11-04 13:30:00,27.00958831883984,70.11432779051609,Zone_C_Park
2025-11-04 13:45:00,27.79649697975723,73.93522774898221,Zone_C_Park
2025-11-04 14:00:00,24.55813067618391,69.18315612327297,Zone_C_Park
2025-11-04 14:15:00,24.98155546616966,71.1762818599003,Zone_C_Park
2025-11-04 14:30:00,22.714187117376788,72.21198279709601,Zone_C_Park
2025-11-04 14:45:00,24.4186525708246,72.51612189675579,Zone_C_Park
2025-11-04 15:00:00,26.323282890615364,72.09622901769612,Zone_C_Park
2025-11-04 15:15:00,23.937640191557982,73.4179946278316,Zone_C_Park
2025-11-04 15:30:00,25.39576540883612,74.19417036720422,Zone_C_Park
2025-11-04 15:45:00,23.936526273081693,74.46922225204808,Zone_C_Park
2025-11-04 16:00:00,24.48608554233234,71.22839238266435,Zone_C_Park
2025-11-04 16:15:00,22.047617676152505,72.839450519354,Zone_C_Park
2025-11-04 16:30:00,23.65854790391121,76.01186536723955,Zone_C_Park
2025-11-04 16:45:00,18.799053904861562,75.63211230005636,Zone_C_Park
2025-11-04 17:00:00,22.754931943167104,71.3225325346688,Zone_C_Park
2025-11-04 17:15:00,20.334651422491802,75.00063464144634,Zone_C_Park
2025-11-04 17:30:00,24.331096543700433,70.57365520925819,Zone_C_Park
2025-11-04 17:45:00,23.427723546067337,74.85841853889222,Zone_C_Park
2025-11-04 18:00:00,22.70000647294912,78.79553403349195,Zone_C_Park
2025-11-04 18:15:00,24.0198968238185,73.33966583069055,Zone_C_Park
2025-11-04 18:30:00,20.054520449882535,73.80124820100903,Zone_C_Park
2025-11-04 18:45:00,23.840683508808826,77.23038472240378,Zone_C_Park
2025-11-04 19:00:00,22.363011165980495,72.84614553194979,Zone_C_Park
2025-11-04 19:15:00,20.359409207958937,74.8916720153213,Zone_C_Park
2025-11-04 19:30:00,22.172696491314056,77.57054263167782,Zone_C_Park
2025-11-04 19:45:00,18.571404970506542,75.3236675894096,Zone_C_Park
2025-11-04 20:00:00,18.76322875770849,76.32806002557805,Zone_C_Park
2025-11-04 20:15:00,18.86483448306204,78.48842425950065,Zone_C_Park
2025-11-04 20:30:00,18.771487721869097,78.03463331150452,Zone_C_Park
2025-11-04 20:45:00,17.777780275459342,77.90728172695104,Zone_C_Park
2025-11-04 21:00:00,21.006197475896798,76.8673398537315,Zone_C_Park
2025-11-04 21:15:00,18.604359169529342,78.44674553746222,Zone_C_Park
2025-11-04 21:30:00,19.35534409137038,77.60860666484893,Zone_C_Park
2025-11-04 21:45:00,17.8185945011693,78.90890182414073,Zone_C_Park
2025-11-04 22:00:00,15.80499343403947,77.12382740338802,Zone_C_Park
2025-11-04 22:15:00,18.81759507145638,77.86360392075859,Zone_C_Park
2025-11-04 22:30:00,15.436099406825187,76.34605073193661,Zone_C_Park
2025-11-04 22:45:00,18.109328412891376,78.33893324616992,Zone_C_Park
2025-11-04 23:00:00,16.083824136594508,76.85533124738296,Zone_C_Park
2025-11-04 23:15:00,21.05777287723329,76.30273410912764,Zone_C_Park
2025-11-04 23:30:00,19.401264637766843,79.0865237966565,Zone_C_Park
2025-11-04 23:45:00,18.167194993952805,79.0177716753743,Zone_C_Park
2025-11-05 00:00:00,19.895560016482,80.16574746989714,Zone_C_Park
2025-11-05 00:15:00,16.73909034084698,77.73004098450878,Zone_C_Park
2025-11-05 00:30:00,18.849439622509898,79.38530719461923,Zone_C_Park
2025-11-05 00:45:00,18.376574528965147,79.63242215399896,Zone_C_Park
2025-11-05 01:00:00,18.53232681684423,79.36688059030384,Zone_C_Park
2025-11-05 01:15:00,20.12080973217973,76.7576411005781,Zone_C_Park
2025-11-05 01:30:00,19.403220024124554,78.62469328158302,Zone_C_Park
2025-11-05 01:45:00,18.84559452810678,78.957022461627,Zone_C_Park
2025-11-05 02:00:00,16.053567230519803,78.13204838743987,Zone_C_Park
2025-11-05 02:15:00,17.234052107870625,73.82033528754698,Zone_C_Park
2025-11-05 02:30:00,18.642523238441473,78.17705127299541,Zone_C_Park
2025-11-05 02:45:00,19.13269933149907,82.1316853857188,Zone_C_Park
2025-11-05 03:00:00,17.476267288242923,76.8255058747576,Zone_C_Park
2025-11-05 03:15:00,22.980131752967353,75.9174907386496,Zone_C_Park
2025-11-05 03:30:00,21.839545366845478,77.93823826385419,Zone_C_Park
2025-11-05 03:45:00,20.680896548510315,77.62480925980371,Zone_C_Park
2025-11-05 04:00:00,20.108055291925616,79.18547033083283,Zone_C_Park
2025-11-05 04:15:00,19.912531784272268,74.07650297297063,Zone_C_Park
2025-11-05 04:30:00,19.04138858050629,77.84042086166431,Zone_C_Park
2025-11-05 04:45:00,20.83046291656565,77.33802619759432,Zone_C_Park
2025-11-05 05:00:00,21.351352629804044,75.64745548848799,Zone_C_Park
2025-11-05 05:15:00,19.35699784871305,76.37969979510144,Zone_C_Park
2025-11-05 05:30:00,21.979159856987142,77.5288092551889,Zone_C_Park
2025-11-05 05:45:00,21.505498909842306,76.98008202528543,Zone_C_Park
2025-11-05 06:00:00,19.138288663183914,72.71396137585255,Zone_C_Park
2025-11-05 06:15:00,20.971035000751318,76.40486510828245,Zone_C_Park
2025-11-05 06:30:00,21.901696468747737,74.40072849794278,Zone_C_Park
2025-11-05 06:45:00,25.611892774074796,74.44342303677297,Zone_C_Park
2025-11-05 07:00:00,23.87010586721072,74.21464541963431,Zone_C_Park
2025-11-05 07:15:00,21.28253550756281,73.54233194731209,Zone_C_Park
2025-11-05 07:30:00,24.259788163586816,76.00575463769981,Zone_C_Park
2025-11-05 07:45:00,21.44819877746846,73.24032479551317,Zone_C_Park
2025-11-05 08:00:00,25.62403658083061,70.96090774323366,Zone_C_Park
2025-11-05 08:15:00,23.51559395435159,72.21288744918996,Zone_C_Park
2025-11-05 08:30:00,24.294591432926126,73.16584828918955,Zone_C_Park
2025-11-05 08:45:00,26.626078231713564,75.08478463423386,Zone_C_Park
2025-11-05 09:00:00,22.897681771869816,73.6606049576261,Zone_C_Park
2025-11-05 09:15:00,22.911681952246422,70.5923061355816,Zone_C_Park
2025-11-05 09:30:00,24.298014371645934,77.11430780830933,Zone_C_Park
2025-11-05 09:45:00,26.883446725739155,72.5362600176668,Zone_C_Park
2025-11-05 10:00:00,23.18508250192249,74.43309002237406,Zone_C_Park
2025-11-05 10:15:00,21.339257568964904,71.46782926332787,Zone_C_Park
2025-11-05 10:30:00,25.01877984243165,72.74075217237026,Zone_C_Park
2025-11-05 10:45:00,26.615331717846804,73.26998854285443,Zone_C_Park
2025-11-05 11:00:00,27.664095929764517,73.95905644886787,Zone_C_Park
2025-11-05 11:15:00,25.228399078484824,73.58390960130482,Zone_C_Park
2025-11-05 11:30:00,25.34863953482124,73.17519249920024,Zone_C_Park
2025-11-05 11:45:00,27.722286794338036,70.77753441395281,Zone_C_Park
2025-11-05 12:00:00,23.19538745045687,70.25650791608788,Zone_C_Park
2025-11-05 12:15:00,25.408654530179902,72.07292289698941,Zone_C_Park
2025-11-05 12:30:00,26.251415280382826,73.29705464373642,Zone_C_Park
2025-11-05 12:45:00,26.596969203540475,71.02373158899516,Zone_C_Park
2025-11-05 13:00:00,25.098993265369952,73.65301095678812,Zone_C_Park
2025-11-05 13:15:00,25.839382035539185,74.49628502478998,Zone_C_Park
2025-11-05 13:30:00,21.963027099925664,69.84139184481252,Zone_C_Park
2025-11-05 13:45:00,24.600118347629984,70.09741672288976,Zone_C_Park
2025-11-05 14:00:00,26.144364683969453,71.60155842856535,Zone_C_Park
2025-11-05 14:15:00,23.85243739782816,72.62193473208923,Zone_C_Park
2025-11-05 14:30:00,25.261889693549335,71.09479394741744,Zone_C_Park
2025-11-05 14:45:00,25.677667981119956,74.99778205080997,Zone_C_Park
2025-11-05 15:00:00,24.314603323459544,73.30254931076534,Zone_C_Park
2025-11-05 15:15:00,24.893078916895135,72.70524916212123,Zone_C_Park
2025-11-05 15:30:00,22.99094686810797,69.93663980783155,Zone_C_Park
2025-11-05 15:45:00,23.91236401253434,70.36831552827441,Zone_C_Park
2025-11-05 16:00:00,24.915324254383833,73.76201850056361,Zone_C_Park
2025-11-05 16:15:00,24.004614202328657,69.14256946290192,Zone_C_Park
2025-11-05 16:30:00,22.650936825114456,75.64761446277382,Zone_C_Park
2025-11-05 16:45:00,23.622082467648838,73.52651023616397,Zone_C_Park
2025-11-05 17:00:00,24.10719086636501,80.55443737682039,Zone_C_Park
2025-11-05 17:15:00,19.705449370198295,78.91350734197415,Zone_C_Park
2025-11-05 17:30:00,24.260715866314055,74.16720756951278,Zone_C_Park
2025-11-05 17:45:00,21.757230408898963,74.55187472970886,Zone_C_Park
2025-11-05 18:00:00,22.638234899860347,76.99116302800405,Zone_C_Park
2025-11-05 18:15:00,23.53425786854727,78.64179648506459,Zone_C_Park
2025-11-05 18:30:00,19.420384685274094,72.19383617712016,Zone_C_Park
2025-11-05 18:45:00,20.15547720829417,72.12957422854869,Zone_C_Park
2025-11-05 19:00:00,20.53190077577636,74.68767895126032,Zone_C_Park
2025-11-05 19:15:00,19.53861185710071,77.32265724143912,Zone_C_Park
2025-11-05 19:30:00,23.071671134294853,77.37140753752952,Zone_C_Park
2025-11-05 19:45:00,18.945687098383804,78.73178219475611,Zone_C_Park
2025-11-05 20:00:00,19.1666798307697,74.40060494326939,Zone_C_Park
2025-11-05 20:15:00,20.084302615326056,72.36776511293282,Zone_C_Park
2025-11-05 20:30:00,17.761729994850985,78.90756953503569,Zone_C_Park
2025-11-05 20:45:00,18.769095671965328,75.71725238842977,Zone_C_Park
2025-11-05 21:00:00,19.647752767129074,73.50860868349429,Zone_C_Park
2025-11-05 21:15:00,18.493350163510325,77.99675079884308,Zone_C_Park
2025-11-05 21:30:00,18.68650635048514,79.4424234014858,Zone_C_Park
2025-11-05 21:45:00,17.880123382117265,77.7491763400466,Zone_C_Park
2025-11-05 22:00:00,16.264192921091094,77.201994681259,Zone_C_Park
2025-11-05 22:15:00,18.894898850878107,77.91001740522586,Zone_C_Park
2025-11-05 22:30:00,20.936881477425715,77.58480079223908,Zone_C_Park
2025-11-05 22:45:00,18.239881928194738,75.71285424230204,Zone_C_Park
2025-11-05 23:00:00,18.47419287071505,77.04797162065978,Zone_C_Park
2025-11-05 23:15:00,19.115943011062367,79.57338681947925,Zone_C_Park
2025-11-05 23:30:00,16.130224809684712,79.21255858369872,Zone_C_Park
2025-11-05 23:45:00,20.562336294239994,78.92841173559262,Zone_C_Park
2025-11-06 00:00:00,18.303493194634203,76.60970303629324,Zone_C_Park
2025-11-06 00:15:00,20.456349655679247,78.22928579938764,Zone_C_Park
2025-11-06 00:30:00,16.934671061218776,74.21507140806001,Zone_C_Park
2025-11-06 00:45:00,20.803951762223814,78.88778033722241,Zone_C_Park
2025-11-06 01:00:00,19.2990299358959,81.33504839026779,Zone_C_Park
2025-11-06 01:15:00,19.041839610798117,75.46068420209816,Zone_C_Park
2025-11-06 01:30:00,18.655518551484572,77.15411097040513,Zone_C_Park
2025-11-06 01:45:00,18.03971610675757,78.88695542693793,Zone_C_Park
2025-11-06 02:00:00,20.336695872573056,80.62337672247894,Zone_C_Park
2025-11-06 02:15:00,18.884661355561892,77.09684137168885,Zone_C_Park
2025-11-06 02:30:00,15.875982083454332,76.47157136651666,Zone_C_Park
2025-11-06 02:45:00,17.316861077523587,73.76877702209215,Zone_C_Park
2025-11-06 03:00:00,18.892804246964687,77.75246067088779,Zone_C_Park
2025-11-06 03:15:00,19.827615214348054,81.45779701464772,Zone_C_Park
2025-11-06 03:30:00,19.480071550615275,77.74625806836075,Zone_C_Park
2025-11-06 03:45:00,21.606175252612086,76.95549488050315,Zone_C_Park
2025-11-06 04:00:00,17.073347203942063,77.44416462153397,Zone_C_Park
2025-11-06 04:15:00,20.446227143881735,76.5700552768912,Zone_C_Park
2025-11-06 04:30:00,17.74229743245891,74.75163161199407,Zone_C_Park
2025-11-06 04:45:00,21.853810582013608,77.80374190644679,Zone_C_Park
2025-11-06 05:00:00,20.823035747926912,76.3832716085926,Zone_C_Park
2025-11-06 05:15:00,21.849053669971667,75.73755166312539,Zone_C_Park
2025-11-06 05:30:00,20.182070790235148,73.5191622374357,Zone_C_Park
2025-11-06 05:45:00,23.657584880566056,77.84246712909804,Zone_C_Park
2025-11-06 06:00:00,23.562586996088278,76.32940549066622,Zone_C_Park
2025-11-06 06:15:00,23.136928971438405,73.65870706003687,Zone_C_Park
2025-11-06 06:30:00,22.327828898585043,76.53375541537169,Zone_C_Park
2025-11-06 06:45:00,23.65014721600721,73.30253316397152,Zone_C_Park
2025-11-06 07:00:00,21.97493732842906,72.50424445260884,Zone_C_Park
2025-11-06 07:15:00,24.56909134974371,72.32341168994805,Zone_C_Park
2025-11-06 07:30:00,26.004955070946238,70.08020253730949,Zone_C_Park
2025-11-06 07:45:00,25.375070600844786,74.35084547604801,Zone_C_Park
2025-11-06 08:00:00,22.905596295288888,69.5377102433233,Zone_C_Park
2025-11-06 08:15:00,24.764406907988064,70.5430594985979,Zone_C_Park
2025-11-06 08:30:00,22.49533340039691,68.65728283741154,Zone_C_Park
2025-11-06 08:45:00,25.495968727163792,72.45421568005797,Zone_C_Park
2025-11-06 09:00:00,25.50433224404,72.15377466718469,Zone_C_Park
2025-11-06 09:15:00,22.202634720617663,71.63998426670295,Zone_C_Park
2025-11-06 09:30:00,23.430737595296392,70.0587725856104,Zone_C_Park
2025-11-06 09:45:00,24.90117010409453,69.66224188883756,Zone_C_Park
2025-11-06 10:00:00,25.012811994426514,72.81104827346917,Zone_C_Park
2025-11-06 10:15:00,23.773275563002546,70.67015426706534,Zone_C_Park
2025-11-06 10:30:00,26.278986224073424,72.30675032603165,Zone_C_Park
2025-11-06 10:45:00,26.16493093139119,69.82055416156918,Zone_C_Park
2025-11-06 11:00:00,25.572299607188494,71.88479251090152,Zone_C_Park
2025-11-06 11:15:00,24.78945387137538,74.0757290651805,Zone_C_Park
2025-11-06 11:30:00,27.538840135120086,72.60313009983985,Zone_C_Park
2025-11-06 11:45:00,28.474546362586857,70.58288023990806,Zone_C_Park
2025-11-06 12:00:00,25.274657774230196,71.91439794071186,Zone_C_Park
2025-11-06 12:15:00,25.073185317222183,70.9263775272806,Zone_C_Park
2025-11-06 12:30:00,26.702590943613234,71.44655886844373,Zone_C_Park
2025-11-06 12:45:00,25.386097051992444,70.81795088625137,Zone_C_Park
2025-11-06 13:00:00,25.654607504161422,71.19399661358857,Zone_C_Park
2025-11-06 13:15:00,26.89720024556743,72.01523823996597,Zone_C_Park
2025-11-06 13:30:00,22.831483998784208,69.68731628379545,Zone_C_Park
2025-11-06 13:45:00,27.56494445340976,69.73950047650237,Zone_C_Park
2025-11-06 14:00:00,25.573122401631764,69.10522343871361,Zone_C_Park
2025-11-06 14:15:00,24.70863873236691,68.80616718670342,Zone_C_Park
2025-11-06 14:30:00,25.039562129832767,69.7093625905106,Zone_C_Park
2025-11-06 14:45:00,24.951003262446687,72.61230170668395,Zone_C_Park
2025-11-06 15:00:00,22.231625169578805,70.66884055674467,Zone_C_Park
2025-11-06 15:15:00,26.87979060158013,73.65358399410195,Zone_C_Park
2025-11-06 15:30:00,24.497034164440812,72.87788635307372,Zone_C_Park
2025-11-06 15:45:00,24.886784127749472,69.06293873425332,Zone_C_Park
2025-11-06 16:00:00,25.427324655861064,74.50995116844338,Zone_C_Park
2025-11-06 16:15:00,22.237411074535554,75.02935800639501,Zone_C_Park
2025-11-06 16:30:00,24.2409415780132,71.63461429381597,Zone_C_Park
2025-11-06 16:45:00,22.884296224864457,74.6832010106986,Zone_C_Park
2025-11-06 17:00:00,24.305432343234823,72.35525496281252,Zone_C_Park
2025-11-06 17:15:00,19.58952015753727,74.4930155942386,Zone_C_Park
2025-11-06 17:30:00,22.373463318518304,72.00110889409788,Zone_C_Park
2025-11-06 17:45:00,21.35738153324463,71.17833582970232,Zone_C_Park
2025-11-06 18:00:00,22.648394425951235,74.23436562077406,Zone_C_Park
2025-11-06 18:15:00,22.443453764131732,74.98799337267884,Zone_C_Park
2025-11-06 18:30:00,20.416456388886754,74.67453490476298,Zone_C_Park
2025-11-06 18:45:00,20.15137791567142,73.33426404281295,Zone_C_Park
2025-11-06 19:00:00,20.798725766753922,75.13195043810681,Zone_C_Park
2025-11-06 19:15:00,19.369278797814545,76.69577158025285,Zone_C_Park
2025-11-06 19:30:00,21.73224181371783,76.28787429626925,Zone_C_Park
2025-11-06 19:45:00,19.677034438452825,76.95724134598683,Zone_C_Park
2025-11-06 20:00:00,15.639517671017538,75.45976959909153,Zone_C_Park
2025-11-06 20:15:00,19.21548598298888,79.3434886683029,Zone_C_Park
2025-11-06 20:30:00,18.00713855269916,74.83919447132183,Zone_C_Park
2025-11-06 20:45:00,16.915703016408305,78.34876552853368,Zone_C_Park
2025-11-06 21:00:00,17.315432917919953,79.90936659819148,Zone_C_Park
2025-11-06 21:15:00,19.156753477833547,78.66843949242211,Zone_C_Park
2025-11-06 21:30:00,20.819547881207406,77.45102357091879,Zone_C_Park
2025-11-06 21:45:00,19.14389826158729,76.9366965109632,Zone_C_Park
2025-11-06 22:00:00,17.626143302538637,80.1898667557165,Zone_C_Park
2025-11-06 22:15:00,19.096365326625303,75.38279201899434,Zone_C_Park
2025-11-06 22:30:00,17.615846404626364,76.38571779628136,Zone_C_Park
2025-11-06 22:45:00,17.17037892827486,77.61383293519894,Zone_C_Park
2025-11-06 23:00:00,16.40475269249425,80.95264048966465,Zone_C_Park
2025-11-06 23:15:00,15.4491156682595,79.29036228153342,Zone_C_Park
2025-11-06 23:30:00,17.44933499466559,76.63310998392524,Zone_C_Park
2025-11-06 23:45:00,18.245644541925785,77.97167671288918,Zone_C_Park
2025-11-07 00:00:00,17.855064494977665,77.3713537118074,Zone_C_Park
2025-11-07 00:15:00,17.384613915124547,77.17271413919191,Zone_C_Park
2025-11-07 00:30:00,16.615601463459587,80.52698061805928,Zone_C_Park
2025-11-07 00:45:00,18.989228165914533,75.78734075092461,Zone_C_Park
2025-11-07 01:00:00,16.160598814923848,81.6948946861094,Zone_C_Park
2025-11-07 01:15:00,19.376321352784792,80.06540784655162,Zone_C_Park
2025-11-07 01:30:00,16.801156341564766,80.50768965824804,Zone_C_Park
2025-11-07 01:45:00,17.28385617783969,77.30286284546716,Zone_C_Park
2025-11-07 02:00:00,16.33572059893873,77.81781001546575,Zone_C_Park
2025-11-07 02:15:00,17.922018330461366,75.12698697523973,Zone_C_Park
2025-11-07 02:30:00,20.28955532655203,76.80674721091484,Zone_C_Park
2025-11-07 02:45:00,19.766082902750025,78.69393300221061,Zone_C_Park
2025-11-07 03:00:00,20.63920604329586,80.13771053583436,Zone_C_Park
2025-11-07 03:15:00,20.145830558500627,75.15933130075534,Zone_C_Park
2025-11-07 03:30:00,17.909449541169565,76.46052927046087,Zone_C_Park
2025-11-07 03:45:00,19.281535231430254,76.69745439840553,Zone_C_Park
2025-11-07 04:00:00,18.829701306323805,74.00842159561503,Zone_C_Park
2025-11-07 04:15:00,22.226707595182553,77.77493776830521,Zone_C_Park
2025-11-07 04:30:00,18.674083300900175,74.9296796930291,Zone_C_Park
2025-11-07 04:45:00,22.054788672871023,75.76640137273733,Zone_C_Park
2025-11-07 05:00:00,22.30415462475307,75.02784981854532,Zone_C_Park
2025-11-07 05:15:00,23.96406901450962,74.12364814781871,Zone_C_Park
2025-11-07 05:30:00,20.86336534217555,75.45580432103108,Zone_C_Park
2025-11-07 05:45:00,22.806870722449673,74.80423210809248,Zone_C_Park
2025-11-07 06:00:00,25.422477754808263,74.25628423544266,Zone_C_Park
2025-11-07 06:15:00,21.335150001520027,73.30762549141079,Zone_C_Park
2025-11-07 06:30:00,20.219544397581664,75.16915504957372,Zone_C_Park
2025-11-07 06:45:00,19.960346237202867,77.6049093777265,Zone_C_Park
2025-11-07 07:00:00,24.10434422370208,74.34802590330918,Zone_C_Park
2025-11-07 07:15:00,20.46103254912477,75.83505435473087,Zone_C_Park
2025-11-07 07:30:00,22.972255150053474,70.84189579317875,Zone_C_Park
2025-11-07 07:45:00,24.425124541434446,73.72328359379914,Zone_C_Park
2025-11-07 08:00:00,24.27776330524487,71.00526336205787,Zone_C_Park
2025-11-07 08:15:00,24.860448228354667,70.04609730606562,Zone_C_Park
2025-11-07 08:30:00,24.768480499736164,71.32971604065052,Zone_C_Park
2025-11-07 08:45:00,26.555681980370366,75.0101537344669,Zone_C_Park
2025-11-07 09:00:00,23.399952553637995,74.35444724506773,Zone_C_Park
2025-11-07 09:15:00,23.99186652222811,72.77938613718449,Zone_C_Park
2025-11-07 09:30:00,24.014424193258705,69.07852685517169,Zone_C_Park
2025-11-07 09:45:00,26.571166167004094,71.61414809293497,Zone_C_Park
2025-11-07 10:00:00,26.81469949773035,72.48570856417949,Zone_C_Park
2025-11-07 10:15:00,26.264328945108517,72.12233058963952,Zone_C_Park
2025-11-07 10:30:00,27.47075863038004,67.98644651599787,Zone_C_Park
2025-11-07 10:45:00,24.02065921691585,69.81041583777788,Zone_C_Park
2025-11-07 11:00:00,28.36453947248298,71.39451149706193,Zone_C_Park
2025-11-07 11:15:00,28.207999054181307,72.54175480958276,Zone_C_Park
2025-11-07 11:30:00,27.06921244136386,67.03854285685438,Zone_C_Park
2025-11-07 11:45:00,28.664134056111003,71.0834599253813,Zone_C_Park
2025-11-07 12:00:00,23.51506518848334,71.68609753975791,Zone_C_Park
2025-11-07 12:15:00,25.204763488560438,73.10693185337345,Zone_C_Park
2025-11-07 12:30:00,24.86282425447231,72.81651366752915,Zone_C_Park
2025-11-07 12:45:00,27.005360107248936,72.63431562816598,Zone_C_Park
2025-11-07 13:00:00,24.288492195753058,69.92278601195548,Zone_C_Park
2025-11-07 13:15:00,26.923963241986648,67.77504725957101,Zone_C_Park
2025-11-07 13:30:00,27.75132234604022,70.88792816883657,Zone_C_Park
2025-11-07 13:45:00,26.630295316256753,73.77452178089945,Zone_C_Park
2025-11-07 14:00:00,25.889728150630006,74.66921760142489,Zone_C_Park
2025-11-07 14:15:00,23.844068437859057,73.42780760030641,Zone_C_Park
2025-11-07 14:30:00,23.903136911976894,73.00260962055502,Zone_C_Park
2025-11-07 14:45:00,26.88178758786091,73.05265598984762,Zone_C_Park
2025-11-07 15:00:00,25.99745063060419,71.34217809420687,Zone_C_Park
2025-11-07 15:15:00,24.57885398133396,72.36623447853252,Zone_C_Park
2025-11-07 15:30:00,23.80818139738605,76.14659790722126,Zone_C_Park
2025-11-07 15:45:00,21.183569122411342,71.11483114954568,Zone_C_Park
2025-11-07 16:00:00,22.393721371973342,76.4295575814197,Zone_C_Park
2025-11-07 16:15:00,26.636283391585593,72.76370440622748,Zone_C_Park
2025-11-07 16:30:00,21.610050372956657,76.27320386167582,Zone_C_Park
2025-11-07 16:45:00,23.569977593044268,71.02918790591355,Zone_C_Park
2025-11-07 17:00:00,24.54644214020288,75.24005983996022,Zone_C_Park
2025-11-07 17:15:00,20.897977286061074,72.82413456884669,Zone_C_Park
2025-11-07 17:30:00,22.79917048105183,71.69957132415944,Zone_C_Park
2025-11-07 17:45:00,23.668485823186554,75.20161681959337,Zone_C_Park
2025-11-07 18:00:00,22.018748982860874,77.01894357719193,Zone_C_Park
2025-11-07 18:15:00,26.04099206657958,73.54556838804153,Zone_C_Park
2025-11-07 18:30:00,18.9749963428025,72.47186237107539,Zone_C_Park
2025-11-07 18:45:00,22.807731506761307,75.51863563058815,Zone_C_Park
2025-11-07 19:00:00,20.70552121349522,75.75687790481471,Zone_C_Park
2025-11-07 19:15:00,21.87212237104237,77.25382133020038,Zone_C_Park
2025-11-07 19:30:00,21.13122699808851,78.2768494992433,Zone_C_Park
2025-11-07 19:45:00,19.131110943459,76.47340892224342,Zone_C_Park
2025-11-07 20:00:00,20.343494588689012,80.51100662958852,Zone_C_Park
2025-11-07 20:15:00,16.99086689082416,77.44852232794116,Zone_C_Park
2025-11-07 20:30:00,20.46982553482221,76.4986881324176,Zone_C_Park
2025-11-07 20:45:00,19.80985443858551,74.15051021615459,Zone_C_Park
2025-11-07 21:00:00,20.129563128218464,77.02026537163923,Zone_C_Park
2025-11-07 21:15:00,20.579818257714816,77.03384941610204,Zone_C_Park
2025-11-07 21:30:00,19.378016399149626,79.77668161761139,Zone_C_Park
2025-11-07 21:45:00,18.896255680487236,78.91825785242287,Zone_C_Park
2025-11-07 22:00:00,17.214295879870306,75.75895321035874,Zone_C_Park
2025-11-07 22:15:00,17.344177888395674,78.57325064233976,Zone_C_Park
2025-11-07 22:30:00,20.084583800220848,79.66902866049874,Zone_C_Park
2025-11-07 22:45:00,20.366782590578545,81.46501118495804,Zone_C_Park
2025-11-07 23:00:00,17.779131040375646,80.25234090946877,Zone_C_Park
2025-11-07 23:15:00,18.14586299926699,80.05252031807458,Zone_C_Park
2025-11-07 23:30:00,16.677298992014112,78.68937349017605,Zone_C_Park
2025-11-07 23:45:00,19.767699574946754,79.36891613450588,Zone_C_Park
2025-11-08 00:00:00,18.998125235537668,81.09900980141231,Zone_C_Park
2025-11-08 00:15:00,20.92039046174121,75.92673732869967,Zone_C_Park
2025-11-08 00:30:00,16.71673593873515,77.87032284651181,Zone_C_Park
2025-11-08 00:45:00,17.509847029859753,76.98568951193914,Zone_C_Park
2025-11-08 01:00:00,18.483465578632085,79.23563921209289,Zone_C_Park
2025-11-08 01:15:00,19.182013788608234,80.86939281748396,Zone_C_Park
2025-11-08 01:30:00,17.980980413633404,77.1320177435985,Zone_C_Park
2025-11-08 01:45:00,17.103067398188696,73.4481331345788,Zone_C_Park
2025-11-08 02:00:00,19.858009678247605,77.29324996357504,Zone_C_Park
2025-11-08 02:15:00,19.755824594608193,79.82023806832397,Zone_C_Park
2025-11-08 02:30:00,17.45217548798947,78.93133183094821,Zone_C_Park
2025-11-08 02:45:00,21.025804971742335,78.56299580254547,Zone_C_Park
2025-11-08 03:00:00,20.926870939048715,76.98559780852261,Zone_C_Park
2025-11-08 03:15:00,19.564061485471413,74.81558346192067,Zone_C_Park
2025-11-08 03:30:00,19.684351077529172,78.22212978768033,Zone_C_Park
2025-11-08 03:45:00,20.608805724595452,75.33148921880132,Zone_C_Park
2025-11-08 04:00:00,18.70744539461561,81.16819346676091,Zone_C_Park
2025-11-08 04:15:00,20.275892457870118,77.73325370149743,Zone_C_Park
2025-11-08 04:30:00,17.240690953625872,75.21636375140642,Zone_C_Park
2025-11-08 04:45:00,22.02892560704176,74.93441158031413,Zone_C_Park
2025-11-08 05:00:00,18.62248398592713,75.7458601491419,Zone_C_Park
2025-11-08 05:15:00,23.474768454578985,75.22332131521456,Zone_C_Park
2025-11-08 05:30:00,20.98271509017012,77.7035618430521,Zone_C_Park
2025-11-08 05:45:00,21.420887010182664,75.60828360471662,Zone_C_Park
2025-11-08 06:00:00,21.05839914087324,73.53673652218295,Zone_C_Park
2025-11-08 06:15:00,21.829554206037457,78.54543010508304,Zone_C_Park
2025-11-08 06:30:00,24.64990178660226,74.62872237104826,Zone_C_Park
2025-11-08 06:45:00,19.048648303261892,75.83535419267973,Zone_C_Park
2025-11-08 07:00:00,24.950724259542366,72.8517984227414,Zone_C_Park
2025-11-08 07:15:00,23.792793082865206,74.56904918039766,Zone_C_Park
2025-11-08 07:30:00,21.720201257674535,74.24455962577207,Zone_C_Park
2025-11-08 07:45:00,22.15618617130215,69.62846213101929,Zone_C_Park
2025-11-08 08:00:00,26.514589540812306,77.23055022092129,Zone_C_Park
2025-11-08 08:15:00,22.80402061216431,75.58123608297453,Zone_C_Park
2025-11-08 08:30:00,22.705019950140944,72.01406822327662,Zone_C_Park
2025-11-08 08:45:00,26.34335507394737,70.42181558472805,Zone_C_Park
2025-11-08 09:00:00,25.336256439175063,73.14953881533553,Zone_C_Park
2025-11-08 09:15:00,23.600470865111312,72.46677209190447,Zone_C_Park
2025-11-08 09:30:00,25.498350824271867,72.85526587207801,Zone_C_Park
2025-11-08 09:45:00,23.787249423749763,72.38986418809903,Zone_C_Park
2025-11-08 10:00:00,27.115333712771662,72.89479052498788,Zone_C_Park
2025-11-08 10:15:00,27.179547413440456,74.66586952926593,Zone_C_Park
2025-11-08 10:30:00,26.493527428278064,72.81024009321665,Zone_C_Park
2025-11-08 10:45:00,26.330212109850947,69.49174053599774,Zone_C_Park
2025-11-08 11:00:00,28.505485492457336,74.24779273078425,Zone_C_Park
2025-11-08 11:15:00,25.92267061269526,74.75040211752494,Zone_C_Park
2025-11-08 11:30:00,24.19296825736404,77.73491196807845,Zone_C_Park
2025-11-08 11:45:00,26.665646562202873,69.16071980986183,Zone_C_Park
2025-11-08 12:00:00,29.129070574305672,71.88576402630055,Zone_C_Park
2025-11-08 12:15:00,24.469296453175637,67.24351046996304,Zone_C_Park
2025-11-08 12:30:00,25.423585295454263,72.53709681181269,Zone_C_Park
2025-11-08 12:45:00,26.5478101787651,70.37277239421482,Zone_C_Park
2025-11-08 13:00:00,25.782846031647665,75.36955861500925,Zone_C_Park
2025-11-08 13:15:00,24.31426514741445,70.04182159378045,Zone_C_Park
2025-11-08 13:30:00,27.378304914390853,68.29566760702484,Zone_C_Park
2025-11-08 13:45:00,29.067552049156646,70.82873064907729,Zone_C_Park
2025-11-08 14:00:00,25.758298803673615,67.93133300394175,Zone_C_Park
2025-11-08 14:15:00,23.96977601460618,73.50890830472547,Zone_C_Park
2025-11-08 14:30:00,22.84997257358473,68.01376188243891,Zone_C_Park
2025-11-08 14:45:00,25.39432320174768,72.35029185544201,Zone_C_Park
2025-11-08 15:00:00,26.48424313972058,68.29879194801605,Zone_C_Park
2025-11-08 15:15:00,25.35013488014335,71.98575945656647,Zone_C_Park
2025-11-08 15:30:00,24.431439954656604,76.09521516717767,Zone_C_Park
2025-11-08 15:45:00,23.33837345439445,73.72124294400102,Zone_C_Park
2025-11-08 16:00:00,22.361754550922864,71.47301279007013,Zone_C_Park
2025-11-08 16:15:00,25.02128175036333,73.34535373733343,Zone_C_Park
2025-11-08 16:30:00,24.901391161538736,73.65837338757457,Zone_C_Park
2025-11-08 16:45:00,20.96716318117655,74.78807861659543,Zone_C_Park
2025-11-08 17:00:00,25.42003464768111,71.33453471106927,Zone_C_Park
2025-11-08 17:15:00,23.641468119405513,75.48280938843659,Zone_C_Park
2025-11-08 17:30:00,24.6214967365989,69.12132244480226,Zone_C_Park
2025-11-08 17:45:00,20.2484208941929,73.50477963004386,Zone_C_Park
2025-11-08 18:00:00,19.951263766876842,74.0234523150969,Zone_C_Park
2025-11-08 18:15:00,21.51493351842848,76.502104917371,Zone_C_Park
2025-11-08 18:30:00,22.232071871462583,75.51515599734593,Zone_C_Park
2025-11-08 18:45:00,23.914179946325934,72.8911990515455,Zone_C_Park
2025-11-08 19:00:00,22.023842190312614,73.96176231073505,Zone_C_Park
2025-11-08 19:15:00,20.350220223569305,76.5545420941862,Zone_C_Park
2025-11-08 19:30:00,18.929712459040804,76.21952567278521,Zone_C_Park
2025-11-08 19:45:00,22.075846098202717,75.4339910655169,Zone_C_Park
2025-11-08 20:00:00,18.552941861373927,75.83833242097604,Zone_C_Park
2025-11-08 20:15:00,22.220421900080073,78.39238883318914,Zone_C_Park
2025-11-08 20:30:00,19.138377309555356,76.15615599869297,Zone_C_Park
2025-11-08 20:45:00,21.748489848526496,77.1974624463021,Zone_C_Park
2025-11-08 21:00:00,20.18996981034273,81.88545758843266,Zone_C_Park
2025-11-08 21:15:00,18.787147535920404,74.85925803315646,Zone_C_Park
2025-11-08 21:30:00,18.04749208109587,74.15238656189914,Zone_C_Park
2025-11-08 21:45:00,18.162759734770702,79.56046993388637,Zone_C_Park
2025-11-08 22:00:00,19.178373423425104,76.76040533103577,Zone_C_Park
2025-11-08 22:15:00,18.528243778195822,77.59226681403244,Zone_C_Park
2025-11-08 22:30:00,17.413764757851794,76.76365356077841,Zone_C_Park
2025-11-08 22:45:00,17.96383236654313,77.88934818464736,Zone_C_Park
2025-11-08 23:00:00,18.25416223942245,81.67440919883333,Zone_C_Park
2025-11-08 23:15:00,14.88375773676486,80.13508392668787,Zone_C_Park
2025-11-08 23:30:00,18.721472726687807,80.29364852471967,Zone_C_Park
2025-11-08 23:45:00,16.538982469970374,75.75983801207369,Zone_C_Park
